"","neigh","price"
"2","Firenze -  1 - Castello, Careggi, Le Panche",410
"3","Firenze -  1 - Castello, Careggi, Le Panche",265
"4","Firenze -  1 - Castello, Careggi, Le Panche",245
"5","Firenze -  1 - Castello, Careggi, Le Panche",225
"6","Firenze -  1 - Castello, Careggi, Le Panche",280
"7","Firenze -  1 - Castello, Careggi, Le Panche",270
"8","Firenze -  1 - Castello, Careggi, Le Panche",199
"9","Firenze -  1 - Castello, Careggi, Le Panche",390
"10","Firenze -  1 - Castello, Careggi, Le Panche",390
"11","Firenze -  1 - Castello, Careggi, Le Panche",160
"12","Firenze -  1 - Castello, Careggi, Le Panche",155
"13","Firenze -  1 - Castello, Careggi, Le Panche",155
"14","Firenze -  1 - Castello, Careggi, Le Panche",225
"15","Firenze -  1 - Castello, Careggi, Le Panche",NA
"16","Firenze -  1 - Castello, Careggi, Le Panche",165
"17","Firenze -  2 - Piana di Castello, Pistoiese",249
"18","Firenze -  2 - Piana di Castello, Pistoiese",340
"19","Firenze -  2 - Piana di Castello, Pistoiese",255
"20","Firenze -  2 - Piana di Castello, Pistoiese",249
"21","Firenze -  2 - Piana di Castello, Pistoiese",240
"22","Firenze -  2 - Piana di Castello, Pistoiese",145
"23","Firenze -  2 - Piana di Castello, Pistoiese",390
"24","Firenze -  2 - Piana di Castello, Pistoiese",275
"25","Firenze -  2 - Piana di Castello, Pistoiese",75
"26","Firenze -  2 - Piana di Castello, Pistoiese",75
"27","Firenze -  2 - Piana di Castello, Pistoiese",200
"28","Firenze -  2 - Piana di Castello, Pistoiese",160
"29","Firenze -  2 - Piana di Castello, Pistoiese",165
"30","Firenze -  2 - Piana di Castello, Pistoiese",360
"31","Firenze -  2 - Piana di Castello, Pistoiese",195
"32","Firenze -  3 - Il Lippi, Novoli, Barsanti",210
"33","Firenze -  3 - Il Lippi, Novoli, Barsanti",240
"34","Firenze -  3 - Il Lippi, Novoli, Barsanti",750
"35","Firenze -  3 - Il Lippi, Novoli, Barsanti",206
"36","Firenze -  3 - Il Lippi, Novoli, Barsanti",210
"37","Firenze -  3 - Il Lippi, Novoli, Barsanti",140
"38","Firenze -  3 - Il Lippi, Novoli, Barsanti",154
"39","Firenze -  3 - Il Lippi, Novoli, Barsanti",318
"40","Firenze -  3 - Il Lippi, Novoli, Barsanti",269
"41","Firenze -  3 - Il Lippi, Novoli, Barsanti",170
"42","Firenze -  3 - Il Lippi, Novoli, Barsanti",240
"43","Firenze -  3 - Il Lippi, Novoli, Barsanti",308
"44","Firenze -  3 - Il Lippi, Novoli, Barsanti",240
"45","Firenze -  3 - Il Lippi, Novoli, Barsanti",215
"46","Firenze -  3 - Il Lippi, Novoli, Barsanti",380
"47","Firenze -  4 - Cascine, Cintoia, Argingrosso, L'Isolotto",435
"48","Firenze -  4 - Cascine, Cintoia, Argingrosso, L'Isolotto",219
"49","Firenze -  4 - Cascine, Cintoia, Argingrosso, L'Isolotto",230
"50","Firenze -  4 - Cascine, Cintoia, Argingrosso, L'Isolotto",530
"51","Firenze -  4 - Cascine, Cintoia, Argingrosso, L'Isolotto",159
"52","Firenze -  4 - Cascine, Cintoia, Argingrosso, L'Isolotto",880
"53","Firenze -  4 - Cascine, Cintoia, Argingrosso, L'Isolotto",249
"54","Firenze -  4 - Cascine, Cintoia, Argingrosso, L'Isolotto",430
"55","Firenze -  4 - Cascine, Cintoia, Argingrosso, L'Isolotto",600
"56","Firenze -  4 - Cascine, Cintoia, Argingrosso, L'Isolotto",193
"57","Firenze -  4 - Cascine, Cintoia, Argingrosso, L'Isolotto",205
"58","Firenze -  4 - Cascine, Cintoia, Argingrosso, L'Isolotto",187.5
"59","Firenze -  4 - Cascine, Cintoia, Argingrosso, L'Isolotto",220
"60","Firenze -  4 - Cascine, Cintoia, Argingrosso, L'Isolotto",140
"61","Firenze -  4 - Cascine, Cintoia, Argingrosso, L'Isolotto",369
"62","Firenze -  5 - Ugnano, Oltregreve, Mantignano",260
"63","Firenze -  5 - Ugnano, Oltregreve, Mantignano",130
"64","Firenze -  5 - Ugnano, Oltregreve, Mantignano",375
"65","Firenze -  5 - Ugnano, Oltregreve, Mantignano",299
"66","Firenze -  5 - Ugnano, Oltregreve, Mantignano",360
"67","Firenze -  5 - Ugnano, Oltregreve, Mantignano",295
"68","Firenze -  5 - Ugnano, Oltregreve, Mantignano",135
"69","Firenze -  5 - Ugnano, Oltregreve, Mantignano",240
"70","Firenze -  5 - Ugnano, Oltregreve, Mantignano",130
"71","Firenze -  5 - Ugnano, Oltregreve, Mantignano",140
"72","Firenze -  5 - Ugnano, Oltregreve, Mantignano",250
"73","Firenze -  5 - Ugnano, Oltregreve, Mantignano",260
"74","Firenze -  5 - Ugnano, Oltregreve, Mantignano",120
"75","Firenze -  5 - Ugnano, Oltregreve, Mantignano",360
"76","Firenze -  5 - Ugnano, Oltregreve, Mantignano",215
"77","Firenze -  6 - Collina sud, Galluzzo, Ponte a Ema",950
"78","Firenze -  6 - Collina sud, Galluzzo, Ponte a Ema",900
"79","Firenze -  6 - Collina sud, Galluzzo, Ponte a Ema",185
"80","Firenze -  6 - Collina sud, Galluzzo, Ponte a Ema",205
"81","Firenze -  6 - Collina sud, Galluzzo, Ponte a Ema",160
"82","Firenze -  6 - Collina sud, Galluzzo, Ponte a Ema",200
"83","Firenze -  6 - Collina sud, Galluzzo, Ponte a Ema",490
"84","Firenze -  6 - Collina sud, Galluzzo, Ponte a Ema",190
"85","Firenze -  6 - Collina sud, Galluzzo, Ponte a Ema",455
"86","Firenze -  6 - Collina sud, Galluzzo, Ponte a Ema",420
"87","Firenze -  6 - Collina sud, Galluzzo, Ponte a Ema",450
"88","Firenze -  6 - Collina sud, Galluzzo, Ponte a Ema",175
"89","Firenze -  6 - Collina sud, Galluzzo, Ponte a Ema",448
"90","Firenze -  6 - Collina sud, Galluzzo, Ponte a Ema",235
"91","Firenze -  6 - Collina sud, Galluzzo, Ponte a Ema",195
"92","Firenze -  7 - Pisana, Soffiano",260
"93","Firenze -  7 - Pisana, Soffiano",219
"94","Firenze -  7 - Pisana, Soffiano",385
"95","Firenze -  7 - Pisana, Soffiano",205
"96","Firenze -  7 - Pisana, Soffiano",199
"97","Firenze -  7 - Pisana, Soffiano",350
"98","Firenze -  7 - Pisana, Soffiano",298
"99","Firenze -  7 - Pisana, Soffiano",395
"100","Firenze -  7 - Pisana, Soffiano",360
"101","Firenze -  7 - Pisana, Soffiano",270
"102","Firenze -  7 - Pisana, Soffiano",268
"103","Firenze -  7 - Pisana, Soffiano",595
"104","Firenze -  7 - Pisana, Soffiano",370
"105","Firenze -  7 - Pisana, Soffiano",235
"106","Firenze -  7 - Pisana, Soffiano",125
"107","Firenze -  8 - Il Prato",145
"108","Firenze -  8 - Il Prato",220
"109","Firenze -  8 - Il Prato",105
"110","Firenze -  8 - Il Prato",270
"111","Firenze -  8 - Il Prato",236
"112","Firenze -  8 - Il Prato",98.25
"113","Firenze -  8 - Il Prato",290
"114","Firenze -  8 - Il Prato",288
"115","Firenze -  8 - Il Prato",215
"116","Firenze -  8 - Il Prato",265
"117","Firenze -  8 - Il Prato",215
"118","Firenze -  8 - Il Prato",330
"119","Firenze -  8 - Il Prato",179
"120","Firenze -  8 - Il Prato",740
"121","Firenze -  8 - Il Prato",590
"122","Firenze -  9 - S. Jacopino, La Fortezza",560
"123","Firenze -  9 - S. Jacopino, La Fortezza",328
"124","Firenze -  9 - S. Jacopino, La Fortezza",690
"125","Firenze -  9 - S. Jacopino, La Fortezza",210
"126","Firenze -  9 - S. Jacopino, La Fortezza",170
"127","Firenze -  9 - S. Jacopino, La Fortezza",190
"128","Firenze -  9 - S. Jacopino, La Fortezza",215
"129","Firenze -  9 - S. Jacopino, La Fortezza",350
"130","Firenze -  9 - S. Jacopino, La Fortezza",850
"131","Firenze -  9 - S. Jacopino, La Fortezza",640
"132","Firenze -  9 - S. Jacopino, La Fortezza",NA
"133","Firenze -  9 - S. Jacopino, La Fortezza",220
"134","Firenze -  9 - S. Jacopino, La Fortezza",325
"135","Firenze -  9 - S. Jacopino, La Fortezza",350
"136","Firenze -  9 - S. Jacopino, La Fortezza",439
"137","Firenze - 10 - Leopoldo, Rifredi",303
"138","Firenze - 10 - Leopoldo, Rifredi",580
"139","Firenze - 10 - Leopoldo, Rifredi",349
"140","Firenze - 10 - Leopoldo, Rifredi",185
"141","Firenze - 10 - Leopoldo, Rifredi",255
"142","Firenze - 10 - Leopoldo, Rifredi",318
"143","Firenze - 10 - Leopoldo, Rifredi",310
"144","Firenze - 10 - Leopoldo, Rifredi",248
"145","Firenze - 10 - Leopoldo, Rifredi",275
"146","Firenze - 10 - Leopoldo, Rifredi",175
"147","Firenze - 10 - Leopoldo, Rifredi",290
"148","Firenze - 10 - Leopoldo, Rifredi",238
"149","Firenze - 10 - Leopoldo, Rifredi",290
"150","Firenze - 10 - Leopoldo, Rifredi",283.5
"151","Firenze - 10 - Leopoldo, Rifredi",295
"152","Firenze - 11 - Viali",390
"153","Firenze - 11 - Viali",550
"154","Firenze - 11 - Viali",760
"155","Firenze - 11 - Viali",228
"156","Firenze - 11 - Viali",530
"157","Firenze - 11 - Viali",550
"158","Firenze - 11 - Viali",390
"159","Firenze - 11 - Viali",160
"160","Firenze - 11 - Viali",279
"161","Firenze - 11 - Viali",520
"162","Firenze - 11 - Viali",280
"163","Firenze - 11 - Viali",320
"164","Firenze - 11 - Viali",495
"165","Firenze - 11 - Viali",185
"166","Firenze - 11 - Viali",390
"167","Firenze - 12 - Duomo, Oltrarno",370
"168","Firenze - 12 - Duomo, Oltrarno",NA
"169","Firenze - 12 - Duomo, Oltrarno",350
"170","Firenze - 12 - Duomo, Oltrarno",390
"171","Firenze - 12 - Duomo, Oltrarno",320
"172","Firenze - 12 - Duomo, Oltrarno",360
"173","Firenze - 12 - Duomo, Oltrarno",NA
"174","Firenze - 12 - Duomo, Oltrarno",880
"175","Firenze - 12 - Duomo, Oltrarno",480
"176","Firenze - 12 - Duomo, Oltrarno",320
"177","Firenze - 12 - Duomo, Oltrarno",NA
"178","Firenze - 12 - Duomo, Oltrarno",390
"179","Firenze - 12 - Duomo, Oltrarno",340
"180","Firenze - 12 - Duomo, Oltrarno",845
"181","Firenze - 12 - Duomo, Oltrarno",395
"182","Firenze - 13 - S.Gaggio",620
"183","Firenze - 13 - S.Gaggio",430
"184","Firenze - 13 - S.Gaggio",380
"185","Firenze - 13 - S.Gaggio",270
"186","Firenze - 13 - S.Gaggio",190
"187","Firenze - 13 - S.Gaggio",295
"188","Firenze - 13 - S.Gaggio",490
"189","Firenze - 13 - S.Gaggio",499
"190","Firenze - 13 - S.Gaggio",485
"191","Firenze - 13 - S.Gaggio",330
"192","Firenze - 13 - S.Gaggio",285
"193","Firenze - 13 - S.Gaggio",465
"194","Firenze - 13 - S.Gaggio",269
"195","Firenze - 13 - S.Gaggio",530
"196","Firenze - 13 - S.Gaggio",330
"197","Firenze - 14 - Bellariva, Gavinana, La Rondinella, Sorgane",430
"198","Firenze - 14 - Bellariva, Gavinana, La Rondinella, Sorgane",670
"199","Firenze - 14 - Bellariva, Gavinana, La Rondinella, Sorgane",295
"200","Firenze - 14 - Bellariva, Gavinana, La Rondinella, Sorgane",315
"201","Firenze - 14 - Bellariva, Gavinana, La Rondinella, Sorgane",360
"202","Firenze - 14 - Bellariva, Gavinana, La Rondinella, Sorgane",348
"203","Firenze - 14 - Bellariva, Gavinana, La Rondinella, Sorgane",395
"204","Firenze - 14 - Bellariva, Gavinana, La Rondinella, Sorgane",219
"205","Firenze - 14 - Bellariva, Gavinana, La Rondinella, Sorgane",370
"206","Firenze - 14 - Bellariva, Gavinana, La Rondinella, Sorgane",295
"207","Firenze - 14 - Bellariva, Gavinana, La Rondinella, Sorgane",295
"208","Firenze - 14 - Bellariva, Gavinana, La Rondinella, Sorgane",670
"209","Firenze - 14 - Bellariva, Gavinana, La Rondinella, Sorgane",665
"210","Firenze - 14 - Bellariva, Gavinana, La Rondinella, Sorgane",550
"211","Firenze - 14 - Bellariva, Gavinana, La Rondinella, Sorgane",199
"212","Firenze - 15 - Campo di Marte",690
"213","Firenze - 15 - Campo di Marte",240
"214","Firenze - 15 - Campo di Marte",349
"215","Firenze - 15 - Campo di Marte",195
"216","Firenze - 15 - Campo di Marte",240
"217","Firenze - 15 - Campo di Marte",180
"218","Firenze - 15 - Campo di Marte",330
"219","Firenze - 15 - Campo di Marte",230
"220","Firenze - 15 - Campo di Marte",268
"221","Firenze - 15 - Campo di Marte",650
"222","Firenze - 15 - Campo di Marte",265
"223","Firenze - 15 - Campo di Marte",890
"224","Firenze - 15 - Campo di Marte",399
"225","Firenze - 15 - Campo di Marte",400
"226","Firenze - 15 - Campo di Marte",460
"227","Firenze - 16 - Le Cure",515
"228","Firenze - 16 - Le Cure",420
"229","Firenze - 16 - Le Cure",170
"230","Firenze - 16 - Le Cure",249
"231","Firenze - 16 - Le Cure",490
"232","Firenze - 16 - Le Cure",350
"233","Firenze - 16 - Le Cure",250
"234","Firenze - 16 - Le Cure",175
"235","Firenze - 16 - Le Cure",155
"236","Firenze - 16 - Le Cure",330
"237","Firenze - 16 - Le Cure",280
"238","Firenze - 16 - Le Cure",360
"239","Firenze - 16 - Le Cure",590
"240","Firenze - 16 - Le Cure",300
"241","Firenze - 16 - Le Cure",280
"242","Firenze - 17 - Collina Nord",NA
"243","Firenze - 17 - Collina Nord",940
"244","Firenze - 17 - Collina Nord",780
"245","Firenze - 17 - Collina Nord",485
"246","Firenze - 17 - Collina Nord",470
"247","Firenze - 17 - Collina Nord",600
"248","Firenze - 17 - Collina Nord",650
"249","Firenze - 17 - Collina Nord",398
"250","",365
"251","",330
"252","",NA
"253","",287
"254","",455
"255","",380
"256","",250
"257","Firenze - 18 - Settignano, Coverciano",275
"258","Firenze - 18 - Settignano, Coverciano",165
"259","Firenze - 18 - Settignano, Coverciano",258
"260","Firenze - 18 - Settignano, Coverciano",740
"261","Firenze - 18 - Settignano, Coverciano",65
"262","Firenze - 18 - Settignano, Coverciano",495
"263","Firenze - 18 - Settignano, Coverciano",160
"264","Firenze - 18 - Settignano, Coverciano",230
"265","Firenze - 18 - Settignano, Coverciano",250
"266","Firenze - 18 - Settignano, Coverciano",230
"267","Firenze - 18 - Settignano, Coverciano",210
"268","Firenze - 18 - Settignano, Coverciano",279
"269","Firenze - 18 - Settignano, Coverciano",450
"270","Firenze - 18 - Settignano, Coverciano",490
"271","Firenze - 18 - Settignano, Coverciano",250
"2100","Torino -  1 - Centro",360
"3100","Torino -  1 - Centro",820
"422","Torino -  1 - Centro",690
"510","Torino -  1 - Centro",420
"610","Torino -  1 - Centro",750
"710","Torino -  1 - Centro",170
"810","Torino -  1 - Centro",180
"910","Torino -  1 - Centro",270
"1010","Torino -  1 - Centro",460
"1110","Torino -  1 - Centro",470
"1210","Torino -  1 - Centro",350
"1310","Torino -  1 - Centro",360
"1410","Torino -  1 - Centro",850
"1510","Torino -  1 - Centro",230
"1610","Torino -  1 - Centro",870
"1710","Torino -  2 - Crocetta, San Secondo",115
"1810","Torino -  2 - Crocetta, San Secondo",255
"1910","Torino -  2 - Crocetta, San Secondo",700
"2010","Torino -  2 - Crocetta, San Secondo",565
"2110","Torino -  2 - Crocetta, San Secondo",349
"2210","Torino -  2 - Crocetta, San Secondo",850
"2310","Torino -  2 - Crocetta, San Secondo",340
"2410","Torino -  2 - Crocetta, San Secondo",300
"2510","Torino -  2 - Crocetta, San Secondo",119
"2610","Torino -  2 - Crocetta, San Secondo",329
"2710","Torino -  2 - Crocetta, San Secondo",265
"2810","Torino -  2 - Crocetta, San Secondo",150
"2910","Torino -  2 - Crocetta, San Secondo",185
"3010","Torino -  2 - Crocetta, San Secondo",385
"3110","Torino -  2 - Crocetta, San Secondo",430
"3210","Torino -  3 - San Salvario",476
"3310","Torino -  3 - San Salvario",269
"3410","Torino -  3 - San Salvario",179
"3510","Torino -  3 - San Salvario",175
"3610","Torino -  3 - San Salvario",179
"3710","Torino -  3 - San Salvario",244
"3810","Torino -  3 - San Salvario",109
"3910","Torino -  3 - San Salvario",340
"4010","Torino -  3 - San Salvario",145
"4110","Torino -  3 - San Salvario",230
"423","Torino -  3 - San Salvario",340
"431","Torino -  3 - San Salvario",60
"441","Torino -  3 - San Salvario",139
"451","Torino -  3 - San Salvario",350
"461","Torino -  3 - San Salvario",55
"471","Torino -  4 - Valentino, Italia 61, Nizza Millefonti",198
"481","Torino -  4 - Valentino, Italia 61, Nizza Millefonti",246
"491","Torino -  4 - Valentino, Italia 61, Nizza Millefonti",249
"501","Torino -  4 - Valentino, Italia 61, Nizza Millefonti",298
"511","Torino -  4 - Valentino, Italia 61, Nizza Millefonti",99
"521","Torino -  4 - Valentino, Italia 61, Nizza Millefonti",168
"531","Torino -  4 - Valentino, Italia 61, Nizza Millefonti",188
"541","Torino -  4 - Valentino, Italia 61, Nizza Millefonti",180
"551","Torino -  4 - Valentino, Italia 61, Nizza Millefonti",49
"561","Torino -  4 - Valentino, Italia 61, Nizza Millefonti",299
"571","Torino -  4 - Valentino, Italia 61, Nizza Millefonti",680
"581","Torino -  4 - Valentino, Italia 61, Nizza Millefonti",430
"591","Torino -  4 - Valentino, Italia 61, Nizza Millefonti",85
"601","Torino -  4 - Valentino, Italia 61, Nizza Millefonti",70
"611","Torino -  4 - Valentino, Italia 61, Nizza Millefonti",105
"621","Torino -  5 - Precollina, Collina",130
"631","Torino -  5 - Precollina, Collina",150
"641","Torino -  5 - Precollina, Collina",120
"651","Torino -  5 - Precollina, Collina",80
"661","Torino -  5 - Precollina, Collina",277
"671","Torino -  5 - Precollina, Collina",377
"681","Torino -  5 - Precollina, Collina",247
"691","Torino -  5 - Precollina, Collina",277
"701","Torino -  5 - Precollina, Collina",550
"711","Torino -  5 - Precollina, Collina",445
"721","Torino -  5 - Precollina, Collina",210
"731","Torino -  5 - Precollina, Collina",420
"741","Torino -  5 - Precollina, Collina",129
"751","Torino -  5 - Precollina, Collina",570
"761","Torino -  5 - Precollina, Collina",695
"771","Torino -  6 - Lingotto",139
"781","Torino -  6 - Lingotto",125
"791","Torino -  6 - Lingotto",84
"801","Torino -  6 - Lingotto",149
"811","Torino -  6 - Lingotto",74
"821","Torino -  6 - Lingotto",154
"831","Torino -  6 - Lingotto",75
"841","Torino -  6 - Lingotto",99
"851","Torino -  6 - Lingotto",125
"861","Torino -  6 - Lingotto",119
"871","Torino -  6 - Lingotto",154
"881","Torino -  6 - Lingotto",139
"891","Torino -  6 - Lingotto",225
"901","Torino -  6 - Lingotto",92
"911","Torino -  6 - Lingotto",208
"921","Torino -  7 - Santa Rita",168
"931","Torino -  7 - Santa Rita",159
"941","Torino -  7 - Santa Rita",320
"951","Torino -  7 - Santa Rita",79
"961","Torino -  7 - Santa Rita",309
"971","Torino -  7 - Santa Rita",129
"981","Torino -  7 - Santa Rita",109
"991","Torino -  7 - Santa Rita",168
"1001","Torino -  7 - Santa Rita",155
"1011","Torino -  7 - Santa Rita",115
"1021","Torino -  7 - Santa Rita",85
"1031","Torino -  7 - Santa Rita",75
"1041","Torino -  7 - Santa Rita",178
"1051","Torino -  7 - Santa Rita",99
"1061","Torino -  7 - Santa Rita",124
"1071","Torino -  8 - Cenisia, San Paolo",199
"1081","Torino -  8 - Cenisia, San Paolo",259
"1091","Torino -  8 - Cenisia, San Paolo",265
"1101","Torino -  8 - Cenisia, San Paolo",170
"1111","Torino -  8 - Cenisia, San Paolo",301
"1121","Torino -  8 - Cenisia, San Paolo",250
"1131","Torino -  8 - Cenisia, San Paolo",125
"1141","Torino -  8 - Cenisia, San Paolo",135
"1151","Torino -  8 - Cenisia, San Paolo",56
"1161","Torino -  8 - Cenisia, San Paolo",69
"1171","Torino -  8 - Cenisia, San Paolo",74
"1181","Torino -  8 - Cenisia, San Paolo",440
"1191","Torino -  8 - Cenisia, San Paolo",275
"1201","Torino -  8 - Cenisia, San Paolo",218
"1211","Torino -  8 - Cenisia, San Paolo",191
"1221","Torino -  9 - Cit Turin, San Donato, Campidoglio",275
"1231","Torino -  9 - Cit Turin, San Donato, Campidoglio",225
"1241","Torino -  9 - Cit Turin, San Donato, Campidoglio",149
"1251","Torino -  9 - Cit Turin, San Donato, Campidoglio",359
"1261","Torino -  9 - Cit Turin, San Donato, Campidoglio",630
"1271","Torino -  9 - Cit Turin, San Donato, Campidoglio",55
"1281","Torino -  9 - Cit Turin, San Donato, Campidoglio",440
"1291","Torino -  9 - Cit Turin, San Donato, Campidoglio",79
"1301","Torino -  9 - Cit Turin, San Donato, Campidoglio",640
"1311","Torino -  9 - Cit Turin, San Donato, Campidoglio",74
"1321","Torino -  9 - Cit Turin, San Donato, Campidoglio",478
"1331","Torino -  9 - Cit Turin, San Donato, Campidoglio",18
"1341","Torino -  9 - Cit Turin, San Donato, Campidoglio",220
"1351","Torino -  9 - Cit Turin, San Donato, Campidoglio",540
"1361","Torino -  9 - Cit Turin, San Donato, Campidoglio",330
"1371","Torino - 10 - Valdocco, Aurora",100
"1381","Torino - 10 - Valdocco, Aurora",319
"1391","Torino - 10 - Valdocco, Aurora",105
"1401","Torino - 10 - Valdocco, Aurora",125
"1411","Torino - 10 - Valdocco, Aurora",47
"1421","Torino - 10 - Valdocco, Aurora",64
"1431","Torino - 10 - Valdocco, Aurora",65
"1441","Torino - 10 - Valdocco, Aurora",25
"1451","Torino - 10 - Valdocco, Aurora",33
"1461","Torino - 10 - Valdocco, Aurora",295
"1471","Torino - 10 - Valdocco, Aurora",139
"1481","Torino - 10 - Valdocco, Aurora",89
"1491","Torino - 10 - Valdocco, Aurora",34
"1501","Torino - 10 - Valdocco, Aurora",79.5
"1511","Torino - 10 - Valdocco, Aurora",145
"1521","Torino - 11 - Vanchiglia, Regio Parco",690
"1531","Torino - 11 - Vanchiglia, Regio Parco",180
"1541","Torino - 11 - Vanchiglia, Regio Parco",89
"1551","Torino - 11 - Vanchiglia, Regio Parco",113
"1561","Torino - 11 - Vanchiglia, Regio Parco",165
"1571","Torino - 11 - Vanchiglia, Regio Parco",139
"1581","Torino - 11 - Vanchiglia, Regio Parco",318
"1591","Torino - 11 - Vanchiglia, Regio Parco",359
"1601","Torino - 11 - Vanchiglia, Regio Parco",318
"1611","Torino - 11 - Vanchiglia, Regio Parco",359
"1621","Torino - 11 - Vanchiglia, Regio Parco",159
"1631","Torino - 11 - Vanchiglia, Regio Parco",129
"1641","Torino - 11 - Vanchiglia, Regio Parco",49
"1651","Torino - 11 - Vanchiglia, Regio Parco",139
"1661","Torino - 11 - Vanchiglia, Regio Parco",189
"1671","Torino - 12 - Barriera Milano, Falchera, Barca-Bertola",69
"1681","Torino - 12 - Barriera Milano, Falchera, Barca-Bertola",78
"1691","Torino - 12 - Barriera Milano, Falchera, Barca-Bertola",79
"1701","Torino - 12 - Barriera Milano, Falchera, Barca-Bertola",39.5
"1711","Torino - 12 - Barriera Milano, Falchera, Barca-Bertola",79.9
"1721","Torino - 12 - Barriera Milano, Falchera, Barca-Bertola",49
"1731","Torino - 12 - Barriera Milano, Falchera, Barca-Bertola",119
"1741","Torino - 12 - Barriera Milano, Falchera, Barca-Bertola",197
"1751","Torino - 12 - Barriera Milano, Falchera, Barca-Bertola",49
"1761","Torino - 12 - Barriera Milano, Falchera, Barca-Bertola",245.25
"1771","Torino - 12 - Barriera Milano, Falchera, Barca-Bertola",48
"1781","Torino - 12 - Barriera Milano, Falchera, Barca-Bertola",79.5
"1791","Torino - 12 - Barriera Milano, Falchera, Barca-Bertola",72
"1801","Torino - 12 - Barriera Milano, Falchera, Barca-Bertola",89
"1811","Torino - 12 - Barriera Milano, Falchera, Barca-Bertola",244.8
"1821","Torino - 13 - Madonna di Campagna, Borgo Vittoria, ...",68
"1831","Torino - 13 - Madonna di Campagna, Borgo Vittoria, ...",260
"1841","Torino - 13 - Madonna di Campagna, Borgo Vittoria, ...",109
"1851","Torino - 13 - Madonna di Campagna, Borgo Vittoria, ...",63
"1861","Torino - 13 - Madonna di Campagna, Borgo Vittoria, ...",129
"1871","Torino - 13 - Madonna di Campagna, Borgo Vittoria, ...",146
"1881","Torino - 13 - Madonna di Campagna, Borgo Vittoria, ...",44
"1891","Torino - 13 - Madonna di Campagna, Borgo Vittoria, ...",179
"1901","Torino - 13 - Madonna di Campagna, Borgo Vittoria, ...",39
"1911","Torino - 13 - Madonna di Campagna, Borgo Vittoria, ...",129
"1921","Torino - 13 - Madonna di Campagna, Borgo Vittoria, ...",45
"1931","Torino - 13 - Madonna di Campagna, Borgo Vittoria, ...",39
"1941","Torino - 13 - Madonna di Campagna, Borgo Vittoria, ...",129
"1951","Torino - 13 - Madonna di Campagna, Borgo Vittoria, ...",85
"1961","Torino - 13 - Madonna di Campagna, Borgo Vittoria, ...",129
"1971","Torino - 14 - Lucento, Vallette",99
"1981","Torino - 14 - Lucento, Vallette",139
"1991","Torino - 14 - Lucento, Vallette",175
"2001","Torino - 14 - Lucento, Vallette",139
"2011","Torino - 14 - Lucento, Vallette",79
"2021","Torino - 14 - Lucento, Vallette",49
"2031","Torino - 14 - Lucento, Vallette",129
"2041","Torino - 14 - Lucento, Vallette",129
"2051","Torino - 14 - Lucento, Vallette",169
"2061","Torino - 14 - Lucento, Vallette",47
"2071","Torino - 14 - Lucento, Vallette",49
"2081","Torino - 14 - Lucento, Vallette",169
"2091","Torino - 14 - Lucento, Vallette",120
"2101","Torino - 14 - Lucento, Vallette",55
"2111","Torino - 14 - Lucento, Vallette",169
"2121","Torino - 15 - Parella, Pozzo Strada",260
"2131","Torino - 15 - Parella, Pozzo Strada",119
"2141","Torino - 15 - Parella, Pozzo Strada",410
"2151","Torino - 15 - Parella, Pozzo Strada",290
"2161","Torino - 15 - Parella, Pozzo Strada",119
"2171","Torino - 15 - Parella, Pozzo Strada",350
"2181","Torino - 15 - Parella, Pozzo Strada",179
"2191","Torino - 15 - Parella, Pozzo Strada",139
"2201","Torino - 15 - Parella, Pozzo Strada",299
"2211","Torino - 15 - Parella, Pozzo Strada",179
"2221","Torino - 15 - Parella, Pozzo Strada",259
"2231","Torino - 15 - Parella, Pozzo Strada",149
"2241","Torino - 15 - Parella, Pozzo Strada",93
"2251","Torino - 15 - Parella, Pozzo Strada",134
"2261","Torino - 15 - Parella, Pozzo Strada",144
"2271","Torino - 16 - Mirafiori",197
"2281","Torino - 16 - Mirafiori",110
"2291","Torino - 16 - Mirafiori",205
"2301","Torino - 16 - Mirafiori",188
"2311","Torino - 16 - Mirafiori",138
"2321","Torino - 16 - Mirafiori",74
"2331","Torino - 16 - Mirafiori",138
"2341","Torino - 16 - Mirafiori",108.75
"2351","Torino - 16 - Mirafiori",135
"2361","Torino - 16 - Mirafiori",95
"2371","Torino - 16 - Mirafiori",205
"2381","Torino - 16 - Mirafiori",89
"2391","Torino - 16 - Mirafiori",116
"2401","Torino - 16 - Mirafiori",67
"2411","Torino - 16 - Mirafiori",119
"2102","Venezia -  1 - San Polo",NA
"3101","Venezia -  1 - San Polo",748
"424","Venezia -  1 - San Polo",335
"512","Venezia -  1 - San Polo",NA
"612","Venezia -  1 - San Polo",380
"712","Venezia -  1 - San Polo",580
"812","Venezia -  1 - San Polo",520
"912","Venezia -  1 - San Polo",435
"1012","Venezia -  1 - San Polo",570
"1112","Venezia -  1 - San Polo",335
"1212","Venezia -  1 - San Polo",230
"1312","Venezia -  1 - San Polo",420
"1412","Venezia -  1 - San Polo",445
"1512","Venezia -  1 - San Polo",220
"1612","Venezia -  1 - San Polo",330
"1712","Venezia -  2 - Santa Croce",NA
"1812","Venezia -  2 - Santa Croce",400
"1912","Venezia -  2 - Santa Croce",820
"2012","Venezia -  2 - Santa Croce",895
"2112","Venezia -  2 - Santa Croce",840
"2212","Venezia -  2 - Santa Croce",550
"2312","Venezia -  2 - Santa Croce",320
"2412","Venezia -  2 - Santa Croce",375
"2511","Venezia -  2 - Santa Croce",700
"2611","Venezia -  2 - Santa Croce",900
"2711","Venezia -  2 - Santa Croce",840
"2811","Venezia -  2 - Santa Croce",549
"2911","Venezia -  2 - Santa Croce",379
"3011","Venezia -  2 - Santa Croce",600
"3111","Venezia -  2 - Santa Croce",197
"3211","Venezia -  3 - Cannaregio",480
"3311","Venezia -  3 - Cannaregio",480
"3411","Venezia -  3 - Cannaregio",290
"3511","Venezia -  3 - Cannaregio",730
"3611","Venezia -  3 - Cannaregio",340
"3711","Venezia -  3 - Cannaregio",530
"3811","Venezia -  3 - Cannaregio",550
"3911","Venezia -  3 - Cannaregio",950
"4011","Venezia -  3 - Cannaregio",390
"4111","Venezia -  3 - Cannaregio",425
"425","Venezia -  3 - Cannaregio",610
"432","Venezia -  3 - Cannaregio",300
"442","Venezia -  3 - Cannaregio",520
"452","Venezia -  3 - Cannaregio",590
"462","Venezia -  3 - Cannaregio",699
"472","Venezia -  4 - Castello",380
"482","Venezia -  4 - Castello",370
"492","Venezia -  4 - Castello",380
"502","Venezia -  4 - Castello",650
"513","Venezia -  4 - Castello",NA
"522","Venezia -  4 - Castello",260
"532","Venezia -  4 - Castello",950
"542","Venezia -  4 - Castello",760
"552","Venezia -  4 - Castello",229
"562","Venezia -  4 - Castello",370
"572","Venezia -  4 - Castello",370
"582","Venezia -  4 - Castello",360
"592","Venezia -  4 - Castello",370
"602","Venezia -  4 - Castello",390
"613","Venezia -  4 - Castello",580
"622","Venezia -  5 - San Marco",500
"632","Venezia -  5 - San Marco",320
"642","Venezia -  5 - San Marco",320
"652","Venezia -  5 - San Marco",NA
"662","Venezia -  5 - San Marco",NA
"672","Venezia -  5 - San Marco",595
"682","Venezia -  5 - San Marco",NA
"692","Venezia -  5 - San Marco",490
"702","Venezia -  5 - San Marco",449
"713","Venezia -  5 - San Marco",375
"722","Venezia -  5 - San Marco",450
"732","Venezia -  5 - San Marco",750
"742","Venezia -  5 - San Marco",NA
"752","Venezia -  5 - San Marco",NA
"762","Venezia -  5 - San Marco",960
"772","Venezia -  6 - Dorsoduro",235
"782","Venezia -  6 - Dorsoduro",370
"792","Venezia -  6 - Dorsoduro",340
"802","Venezia -  6 - Dorsoduro",350
"813","Venezia -  6 - Dorsoduro",430
"822","Venezia -  6 - Dorsoduro",470
"832","Venezia -  6 - Dorsoduro",480
"842","Venezia -  6 - Dorsoduro",265
"852","Venezia -  6 - Dorsoduro",595
"862","Venezia -  6 - Dorsoduro",600
"872","Venezia -  6 - Dorsoduro",900
"882","Venezia -  6 - Dorsoduro",480
"892","Venezia -  6 - Dorsoduro",490
"902","Venezia -  6 - Dorsoduro",490
"913","Venezia -  6 - Dorsoduro",370
"922","Venezia -  7 - Giudecca",330
"932","Venezia -  7 - Giudecca",250
"942","Venezia -  7 - Giudecca",320
"952","Venezia -  7 - Giudecca",685
"962","Venezia -  7 - Giudecca",400
"972","Venezia -  7 - Giudecca",520
"982","Venezia -  7 - Giudecca",295
"992","Venezia -  7 - Giudecca",265
"1002","Venezia -  7 - Giudecca",650
"1013","Venezia -  7 - Giudecca",260
"1022","Venezia -  7 - Giudecca",295
"1032","Venezia -  7 - Giudecca",335
"1042","Venezia -  7 - Giudecca",359
"1052","Venezia -  7 - Giudecca",430
"1062","Venezia -  7 - Giudecca",340
"1072","Venezia -  8 - Lido",395
"1082","Venezia -  8 - Lido",205
"1092","Venezia -  8 - Lido",275
"1102","Venezia -  8 - Lido",475
"1113","Venezia -  8 - Lido",223
"1122","Venezia -  8 - Lido",295
"1132","Venezia -  8 - Lido",390
"1142","Venezia -  8 - Lido",310
"1152","Venezia -  8 - Lido",365
"1162","Venezia -  8 - Lido",500
"1172","Venezia -  8 - Lido",360
"1182","Venezia -  8 - Lido",900
"1192","Venezia -  8 - Lido",380
"1202","Venezia -  8 - Lido",NA
"1213","Venezia -  8 - Lido",264
"1222","Venezia -  9 - Murano",295
"1232","Venezia -  9 - Murano",280
"1242","Venezia -  9 - Murano",189
"1252","Venezia -  9 - Murano",260
"1262","Venezia -  9 - Murano",320
"1272","Venezia -  9 - Murano",330
"1282","Venezia -  9 - Murano",450
"1292","Venezia -  9 - Murano",260
"1302","Venezia -  9 - Murano",280
"1313","Venezia -  9 - Murano",340
"1322","Venezia -  9 - Murano",350
"1332","Venezia -  9 - Murano",340
"1342","Venezia -  9 - Murano",270
"1352","Venezia -  9 - Murano",350
"1362","Venezia -  9 - Murano",340
"1372","Venezia - 10 - Burano",150
"1382","",550
"1392","",360
"1402","",360
"1413","",450
"1422","",420
"1432","",350
"1442","",NA
"1452","",NA
"1462","",550
"1472","",360
"1482","",740
"1492","",179
"1502","",360
"1513","",640
"1522","Venezia - 11 - Mestre",235
"1532","Venezia - 11 - Mestre",130
"1542","Venezia - 11 - Mestre",245
"1552","Venezia - 11 - Mestre",185
"1562","Venezia - 11 - Mestre",210
"1572","Venezia - 11 - Mestre",135
"1582","Venezia - 11 - Mestre",145
"1592","Venezia - 11 - Mestre",155
"1602","Venezia - 11 - Mestre",289
"1613","Venezia - 11 - Mestre",123
"1622","Venezia - 11 - Mestre",295
"1632","Venezia - 11 - Mestre",140
"1642","Venezia - 11 - Mestre",120
"1652","Venezia - 11 - Mestre",122
"1662","Venezia - 11 - Mestre",278
"1672","Venezia - 12 - Marghera",190
"1682","Venezia - 12 - Marghera",149
"1692","Venezia - 12 - Marghera",120
"1702","Venezia - 12 - Marghera",140
"1713","Venezia - 12 - Marghera",125
"1722","Venezia - 12 - Marghera",70
"1732","Venezia - 12 - Marghera",65
"1742","Venezia - 12 - Marghera",185
"1752","Venezia - 12 - Marghera",118
"1762","Venezia - 12 - Marghera",145
"1772","Venezia - 12 - Marghera",115
"1782","Venezia - 12 - Marghera",149
"1792","Venezia - 12 - Marghera",157
"1802","Venezia - 12 - Marghera",96
"1813","Venezia - 12 - Marghera",250
"1822","Venezia - 13 - Zelarino",125
"1832","Venezia - 13 - Zelarino",125
"1842","Venezia - 13 - Zelarino",98
"1852","Venezia - 13 - Zelarino",205
"1862","Venezia - 13 - Zelarino",95
"1872","Venezia - 13 - Zelarino",155
"1882","Venezia - 13 - Zelarino",240
"1892","Venezia - 13 - Zelarino",235
"1902","Venezia - 13 - Zelarino",175
"1913","Venezia - 13 - Zelarino",NA
"1922","Venezia - 13 - Zelarino",115
"1932","Venezia - 13 - Zelarino",89
"1942","Venezia - 13 - Zelarino",83
"1952","Venezia - 13 - Zelarino",145
"1962","Venezia - 13 - Zelarino",74
"1972","Venezia - 14 - Favaro Veneto",156
"1982","Venezia - 14 - Favaro Veneto",245
"1992","Venezia - 14 - Favaro Veneto",80
"2002","Venezia - 14 - Favaro Veneto",85
"2013","Venezia - 14 - Favaro Veneto",198
"2022","Venezia - 14 - Favaro Veneto",192
"2032","Venezia - 14 - Favaro Veneto",159
"2042","Venezia - 14 - Favaro Veneto",255
"2052","Venezia - 14 - Favaro Veneto",160
"2062","Venezia - 14 - Favaro Veneto",205
"2072","Venezia - 14 - Favaro Veneto",145
"2082","Venezia - 14 - Favaro Veneto",195
"2092","Venezia - 14 - Favaro Veneto",142
"2103","Venezia - 14 - Favaro Veneto",240
"2113","Venezia - 14 - Favaro Veneto",119
"2122","Venezia -  1 - San Polo",NA
"2132","Venezia -  1 - San Polo",748
"2142","Venezia -  1 - San Polo",335
"2152","Venezia -  1 - San Polo",NA
"2162","Venezia -  1 - San Polo",380
"2172","Venezia -  1 - San Polo",580
"2182","Venezia -  1 - San Polo",520
"2192","Venezia -  1 - San Polo",435
"2202","Venezia -  1 - San Polo",570
"2213","Venezia -  1 - San Polo",335
"2222","Venezia -  1 - San Polo",230
"2232","Venezia -  1 - San Polo",420
"2242","Venezia -  1 - San Polo",445
"2252","Venezia -  1 - San Polo",220
"2262","Venezia -  1 - San Polo",330
"2272","Venezia -  2 - Santa Croce",NA
"2282","Venezia -  2 - Santa Croce",400
"2292","Venezia -  2 - Santa Croce",820
"2302","Venezia -  2 - Santa Croce",895
"2313","Venezia -  2 - Santa Croce",840
"2322","Venezia -  2 - Santa Croce",550
"2332","Venezia -  2 - Santa Croce",320
"2342","Venezia -  2 - Santa Croce",375
"2352","Venezia -  2 - Santa Croce",700
"2362","Venezia -  2 - Santa Croce",900
"2372","Venezia -  2 - Santa Croce",840
"2382","Venezia -  2 - Santa Croce",549
"2392","Venezia -  2 - Santa Croce",379
"2402","Venezia -  2 - Santa Croce",600
"2413","Venezia -  2 - Santa Croce",197
"2421","Venezia -  3 - Cannaregio",480
"2431","Venezia -  3 - Cannaregio",480
"2441","Venezia -  3 - Cannaregio",290
"2451","Venezia -  3 - Cannaregio",730
"2461","Venezia -  3 - Cannaregio",340
"2471","Venezia -  3 - Cannaregio",530
"2481","Venezia -  3 - Cannaregio",550
"2491","Venezia -  3 - Cannaregio",950
"2501","Venezia -  3 - Cannaregio",390
"2512","Venezia -  3 - Cannaregio",425
"2521","Venezia -  3 - Cannaregio",610
"2531","Venezia -  3 - Cannaregio",300
"2541","Venezia -  3 - Cannaregio",520
"2551","Venezia -  3 - Cannaregio",590
"2561","Venezia -  3 - Cannaregio",699
"2571","Venezia -  4 - Castello",380
"2581","Venezia -  4 - Castello",370
"2591","Venezia -  4 - Castello",380
"2601","Venezia -  4 - Castello",650
"2612","Venezia -  4 - Castello",NA
"2621","Venezia -  4 - Castello",260
"2631","Venezia -  4 - Castello",950
"2641","Venezia -  4 - Castello",760
"2651","Venezia -  4 - Castello",229
"2661","Venezia -  4 - Castello",370
"2671","Venezia -  4 - Castello",370
"2681","Venezia -  4 - Castello",360
"2691","Venezia -  4 - Castello",370
"2701","Venezia -  4 - Castello",390
"2712","Venezia -  4 - Castello",580
"272","Venezia -  5 - San Marco",500
"273","Venezia -  5 - San Marco",320
"274","Venezia -  5 - San Marco",320
"275","Venezia -  5 - San Marco",NA
"276","Venezia -  5 - San Marco",NA
"277","Venezia -  5 - San Marco",595
"278","Venezia -  5 - San Marco",NA
"279","Venezia -  5 - San Marco",490
"280","Venezia -  5 - San Marco",449
"281","Venezia -  5 - San Marco",375
"282","Venezia -  5 - San Marco",450
"283","Venezia -  5 - San Marco",750
"284","Venezia -  5 - San Marco",NA
"285","Venezia -  5 - San Marco",NA
"286","Venezia -  5 - San Marco",960
"287","Venezia -  6 - Dorsoduro",235
"288","Venezia -  6 - Dorsoduro",370
"289","Venezia -  6 - Dorsoduro",340
"290","Venezia -  6 - Dorsoduro",350
"291","Venezia -  6 - Dorsoduro",430
"292","Venezia -  6 - Dorsoduro",470
"293","Venezia -  6 - Dorsoduro",480
"294","Venezia -  6 - Dorsoduro",265
"295","Venezia -  6 - Dorsoduro",595
"296","Venezia -  6 - Dorsoduro",600
"297","Venezia -  6 - Dorsoduro",900
"298","Venezia -  6 - Dorsoduro",480
"299","Venezia -  6 - Dorsoduro",490
"300","Venezia -  6 - Dorsoduro",490
"301","Venezia -  6 - Dorsoduro",370
"302","Venezia -  7 - Giudecca",330
"303","Venezia -  7 - Giudecca",250
"304","Venezia -  7 - Giudecca",320
"305","Venezia -  7 - Giudecca",685
"306","Venezia -  7 - Giudecca",400
"307","Venezia -  7 - Giudecca",520
"308","Venezia -  7 - Giudecca",295
"309","Venezia -  7 - Giudecca",265
"310","Venezia -  7 - Giudecca",650
"311","Venezia -  7 - Giudecca",260
"312","Venezia -  7 - Giudecca",295
"313","Venezia -  7 - Giudecca",335
"314","Venezia -  7 - Giudecca",359
"315","Venezia -  7 - Giudecca",430
"316","Venezia -  7 - Giudecca",340
"317","Venezia -  8 - Lido",395
"318","Venezia -  8 - Lido",205
"319","Venezia -  8 - Lido",275
"320","Venezia -  8 - Lido",475
"321","Venezia -  8 - Lido",223
"322","Venezia -  8 - Lido",295
"323","Venezia -  8 - Lido",390
"324","Venezia -  8 - Lido",310
"325","Venezia -  8 - Lido",365
"326","Venezia -  8 - Lido",500
"327","Venezia -  8 - Lido",360
"328","Venezia -  8 - Lido",900
"329","Venezia -  8 - Lido",380
"330","Venezia -  8 - Lido",NA
"331","Venezia -  8 - Lido",264
"332","Venezia -  9 - Murano",295
"333","Venezia -  9 - Murano",280
"334","Venezia -  9 - Murano",189
"335","Venezia -  9 - Murano",260
"336","Venezia -  9 - Murano",320
"337","Venezia -  9 - Murano",330
"338","Venezia -  9 - Murano",450
"339","Venezia -  9 - Murano",260
"340","Venezia -  9 - Murano",280
"341","Venezia -  9 - Murano",340
"342","Venezia -  9 - Murano",350
"343","Venezia -  9 - Murano",340
"344","Venezia -  9 - Murano",270
"345","Venezia -  9 - Murano",350
"346","Venezia -  9 - Murano",340
"347","Venezia - 10 - Burano",150
"348","",550
"349","",360
"350","",360
"351","",450
"352","",420
"353","",350
"354","",NA
"355","",NA
"356","",550
"357","",360
"358","",740
"359","",179
"360","",360
"361","",640
"362","Venezia - 11 - Mestre",235
"363","Venezia - 11 - Mestre",130
"364","Venezia - 11 - Mestre",245
"365","Venezia - 11 - Mestre",185
"366","Venezia - 11 - Mestre",210
"367","Venezia - 11 - Mestre",135
"368","Venezia - 11 - Mestre",145
"369","Venezia - 11 - Mestre",155
"370","Venezia - 11 - Mestre",289
"371","Venezia - 11 - Mestre",123
"372","Venezia - 11 - Mestre",295
"373","Venezia - 11 - Mestre",140
"374","Venezia - 11 - Mestre",120
"375","Venezia - 11 - Mestre",122
"376","Venezia - 11 - Mestre",278
"377","Venezia - 12 - Marghera",190
"378","Venezia - 12 - Marghera",149
"379","Venezia - 12 - Marghera",120
"380","Venezia - 12 - Marghera",140
"381","Venezia - 12 - Marghera",125
"382","Venezia - 12 - Marghera",70
"383","Venezia - 12 - Marghera",65
"384","Venezia - 12 - Marghera",185
"385","Venezia - 12 - Marghera",118
"386","Venezia - 12 - Marghera",145
"387","Venezia - 12 - Marghera",115
"388","Venezia - 12 - Marghera",149
"389","Venezia - 12 - Marghera",157
"390","Venezia - 12 - Marghera",96
"391","Venezia - 12 - Marghera",250
"392","Venezia - 13 - Zelarino",125
"393","Venezia - 13 - Zelarino",125
"394","Venezia - 13 - Zelarino",98
"395","Venezia - 13 - Zelarino",205
"396","Venezia - 13 - Zelarino",95
"397","Venezia - 13 - Zelarino",155
"398","Venezia - 13 - Zelarino",240
"399","Venezia - 13 - Zelarino",235
"400","Venezia - 13 - Zelarino",175
"401","Venezia - 13 - Zelarino",NA
"402","Venezia - 13 - Zelarino",115
"403","Venezia - 13 - Zelarino",89
"404","Venezia - 13 - Zelarino",83
"405","Venezia - 13 - Zelarino",145
"406","Venezia - 13 - Zelarino",74
"407","Venezia - 14 - Favaro Veneto",156
"408","Venezia - 14 - Favaro Veneto",245
"409","Venezia - 14 - Favaro Veneto",80
"410","Venezia - 14 - Favaro Veneto",85
"411","Venezia - 14 - Favaro Veneto",198
"412","Venezia - 14 - Favaro Veneto",192
"413","Venezia - 14 - Favaro Veneto",159
"414","Venezia - 14 - Favaro Veneto",255
"415","Venezia - 14 - Favaro Veneto",160
"416","Venezia - 14 - Favaro Veneto",205
"417","Venezia - 14 - Favaro Veneto",145
"418","Venezia - 14 - Favaro Veneto",195
"419","Venezia - 14 - Favaro Veneto",142
"420","Venezia - 14 - Favaro Veneto",240
"421","Venezia - 14 - Favaro Veneto",119
